{
    "auc_train": 0.8159926217386252,
    "auc_val": 0.761200649763955
}